[{"code":"final CarouselLayoutManager %1$slayout \u003d new CarouselLayoutManager(CarouselLayoutManager.HORIZONTAL,%2$s); \n%1$slayout.setPostLayoutListener(new CarouselZoomPostLayoutListener());\n%1$s.addOnScrollListener(new CenterScrollListener()); %1$s.setLayoutManager(%1$slayout); \n%1$s.setHasFixedSize(true);","color":"#3F691C","name":"Carousel","typeName":"","palette":"15","type":" ","spec":"%m.recyclerview set Horizontal Carousel Continous %b"},{"code":"final CarouselLayoutManager %1$slayout \u003d new CarouselLayoutManager(CarouselLayoutManager.VERTICAL,%2$s); \n%1$slayout.setPostLayoutListener(new CarouselZoomPostLayoutListener());\n%1$s.addOnScrollListener(new CenterScrollListener()); %1$s.setLayoutManager(%1$slayout); \n%1$s.setHasFixedSize(true);","color":"#3F691C","name":"Carousel Vertical","typeName":"","palette":"15","type":" ","spec":"%m.recyclerview set Vertical Carousel Continous %b"},{"code":"%1$slayout.addOnItemSelectionListener(new CarouselLayoutManager.OnCenterItemSelectionListener() { \n\t@Override public void onCenterItemChanged(final int adapterPosition)\n\t {\n\t\t if (CarouselLayoutManager.INVALID_POSITION !\u003d adapterPosition) { \n\t\t\tfinal int value \u003d adapterPosition;\n\t\t\t%2$s\n\t\t\t } } });","color":"#FF3F691C","name":"centerItem","typeName":"","palette":"15","type":"c","spec":"%m.recyclerview center Item"},{"code":"/*%1$s*/value","color":"#FF3F691C","name":"getValue","typeName":"","palette":"15","type":"d","spec":"%m.recyclerview getValue"}]